"","Country","mean_rates"
"1","Africa",7.58307058823529
"2","Americas",8.75328087692642
"3","Asia",10.9263865076407
"4","Europe",17.4791031704327
"5","Oceania",11.5618312757202
